Player name,Position,Group,Predicted appearances,Predicted goals,Predicted tier quality
3368,70,2,0.0,0.0,5
4691,108,1,0.0,0.0,3
1027,70,2,0.0,0.0,3
1392,108,1,0.0,0.0,1
993,70,2,0.0,0.0,3
2270,71,3,0.0,0.0,3
559,6,1,0.0,0.0,1
3178,70,2,0.0,0.0,3
2258,23,0,0.0,0.0,5
2678,100,3,0.0,0.0,4
4274,64,3,0.0,0.0,4
2299,108,1,0.0,0.0,5
3927,70,2,0.0,0.0,5
2330,71,3,0.0,0.0,4
871,20,0,0.0,0.0,5
4364,70,2,0.0,0.0,4
544,108,1,0.0,0.0,4
192,64,3,0.0,0.0,5
1601,27,0,0.0,0.0,6
1657,70,2,0.0,0.0,4
1384,34,0,0.0,0.0,4
1471,108,1,0.0,0.0,4
425,8,1,0.0,0.0,6
4210,108,1,0.0,0.0,4
845,71,3,0.0,0.0,5
4044,63,3,0.0,0.0,5
630,108,1,0.0,0.0,7
4433,70,2,0.0,0.0,4
1216,108,1,0.0,0.0,6
496,14,0,0.0,0.0,5
4379,70,2,0.0,0.0,5
4322,20,0,0.0,0.0,4
1442,108,1,0.0,0.0,4
3094,64,3,0.0,0.0,4
1497,0,1,0.0,0.0,3
102,127,0,0.0,0.0,6
1503,71,3,0.0,0.0,6
4268,10,1,0.0,0.0,5
1206,70,2,0.0,0.0,4
2525,20,0,0.0,0.0,4
3988,108,1,0.0,0.0,6
3742,108,1,0.0,0.0,4
2743,53,0,0.0,0.0,3
4171,108,1,0.0,0.0,4
2745,10,1,0.0,0.0,5
2591,12,1,0.0,0.0,6
2892,71,3,0.0,0.0,6
1320,108,1,0.0,0.0,3
75,101,3,0.0,0.0,3
1715,108,1,0.0,0.0,6
3218,34,0,0.0,0.0,3
2097,11,1,0.0,0.0,4
212,70,2,0.0,0.0,3
983,108,1,0.0,0.0,1
434,14,0,0.0,0.0,3
1378,14,0,0.0,0.0,4
2657,100,3,0.0,0.0,7
1346,70,2,0.0,0.0,3
2699,53,0,0.0,0.0,3
221,14,0,0.0,0.0,1
2124,47,0,0.0,0.0,5
1426,14,0,0.0,0.0,5
3744,64,3,0.0,0.0,4
87,64,3,0.0,0.0,1
2623,108,1,0.0,0.0,4
1961,70,2,0.0,0.0,1
1732,10,1,0.0,0.0,6
562,53,0,0.0,0.0,3
4105,108,1,0.0,0.0,5
2673,71,3,0.0,0.0,6
1223,53,0,0.0,0.0,6
1606,14,0,0.0,0.0,5
3687,114,0,0.0,0.0,6
4347,108,1,0.0,0.0,1
939,108,1,0.0,0.0,5
1591,70,2,0.0,0.0,6
2373,93,3,0.0,0.0,5
3458,108,1,0.0,0.0,4
4042,108,1,0.0,0.0,4
1290,64,3,0.0,0.0,1
3582,14,0,0.0,0.0,3
565,109,0,0.0,0.0,5
2511,64,3,0.0,0.0,5
2592,108,1,0.0,0.0,4
4049,71,3,0.0,0.0,6
4378,10,1,0.0,0.0,4
3763,108,1,0.0,0.0,5
4220,6,1,0.0,0.0,1
927,104,3,0.0,0.0,3
683,100,3,0.0,0.0,1
751,71,3,0.0,0.0,3
734,14,0,0.0,0.0,4
3,71,3,0.0,0.0,5
4318,7,1,0.0,0.0,4
2723,63,3,0.0,0.0,6
874,111,0,0.0,0.0,6
3376,50,0,0.0,0.0,6
4109,101,3,0.0,0.0,3
607,23,0,0.0,0.0,3
1741,14,0,0.0,0.0,6
4685,16,0,0.0,0.0,6
4464,108,1,0.0,0.0,4
440,16,0,0.0,0.0,4
4533,2,1,0.0,0.0,4
1112,14,0,0.0,0.0,6
745,108,1,0.0,0.0,1
3362,50,0,0.0,0.0,6
3200,6,1,0.0,0.0,1
1191,100,3,0.0,0.0,3
10,64,3,0.0,0.0,6
489,70,2,0.0,0.0,6
3555,14,0,0.0,0.0,1
4351,70,2,0.0,0.0,6
2731,100,3,0.0,0.0,6
182,69,3,0.0,0.0,1
1000,108,1,0.0,0.0,1
77,0,1,0.0,0.0,6
4515,6,1,0.0,0.0,4
1788,27,0,0.0,0.0,5
1174,0,1,0.0,0.0,5
1029,53,0,0.0,0.0,1
4395,10,1,0.0,0.0,3
4157,50,0,0.0,0.0,3
4335,71,3,0.0,0.0,1
2630,69,3,0.0,0.0,1
1422,71,3,0.0,0.0,6
2392,14,0,0.0,0.0,3
2481,34,0,0.0,0.0,5
3053,10,1,0.0,0.0,5
2873,108,1,0.0,0.0,4
2377,108,1,0.0,0.0,6
2225,70,2,0.0,0.0,4
2216,108,1,0.0,0.0,4
4345,70,2,0.0,0.0,1
2304,108,1,0.0,0.0,6
3443,14,0,0.0,0.0,6
4384,63,3,0.0,0.0,3
210,2,1,0.0,0.0,3
1349,53,0,0.0,0.0,3
2638,3,1,0.0,0.0,5
3315,70,2,0.0,0.0,4
1355,70,2,0.0,0.0,5
3695,70,2,0.0,0.0,1
3725,70,2,0.0,0.0,4
2180,14,0,0.0,0.0,5
1705,16,0,0.0,0.0,5
1709,75,3,0.0,0.0,1
3617,108,1,0.0,0.0,6
4292,70,2,0.0,0.0,1
3924,14,0,0.0,0.0,4
4112,20,0,0.0,0.0,3
3235,71,3,0.0,0.0,6
3610,71,3,0.0,0.0,6
1360,20,0,0.0,0.0,4
2790,23,0,0.0,0.0,6
1721,53,0,0.0,0.0,4
4520,64,3,0.0,0.0,1
3205,14,0,0.0,0.0,4
2949,23,0,0.0,0.0,1
3065,70,2,0.0,0.0,6
2710,6,1,0.0,0.0,4
3365,14,0,0.0,0.0,6
2027,50,0,0.0,0.0,5
4589,14,0,0.0,0.0,3
704,14,0,0.0,0.0,6
3475,108,1,0.0,0.0,5
3271,23,0,0.0,0.0,6
3008,7,1,0.0,0.0,3
3615,70,2,0.0,0.0,6
365,20,0,0.0,0.0,5
4287,70,2,0.0,0.0,5
28,100,3,0.0,0.0,1
594,14,0,0.0,0.0,4
2737,71,3,0.0,0.0,4
1622,14,0,0.0,0.0,6
518,108,1,0.0,0.0,6
3512,108,1,0.0,0.0,1
2967,6,1,0.0,0.0,1
4037,14,0,0.0,0.0,4
653,14,0,0.0,0.0,6
4598,107,3,0.0,0.0,6
3010,64,3,0.0,0.0,3
511,108,1,0.0,0.0,6
2621,3,1,0.0,0.0,3
3358,100,3,0.0,0.0,6
2512,108,1,0.0,0.0,3
4319,50,0,0.0,0.0,6
3405,37,0,0.0,0.0,6
1939,0,1,0.0,0.0,6
4419,53,0,0.0,0.0,5
2187,1,1,0.0,0.0,3
4450,27,0,0.0,0.0,6
799,14,0,0.0,0.0,1
4339,53,0,0.0,0.0,1
3871,3,1,0.0,0.0,4
1506,14,0,0.0,0.0,6
1310,23,0,0.0,0.0,5
1804,53,0,0.0,0.0,5
4623,14,0,0.0,0.0,6
3160,108,1,0.0,0.0,1
4519,64,3,0.0,0.0,3
4620,14,0,0.0,0.0,6
3219,37,0,0.0,0.0,3
1645,70,2,0.0,0.0,7
2960,71,3,0.0,0.0,5
164,14,0,0.0,0.0,6
1785,50,0,0.0,0.0,6
1484,14,0,0.0,0.0,5
1308,15,0,0.0,0.0,6
2687,58,0,0.0,0.0,1
382,70,2,0.0,0.0,5
1884,70,2,0.0,0.0,5
2083,100,3,0.0,0.0,1
2340,108,1,0.0,0.0,4
4624,100,3,0.0,0.0,7
4119,50,0,0.0,0.0,4
2995,64,3,0.0,0.0,1
2111,70,2,0.0,0.0,1
414,14,0,0.0,0.0,6
1670,108,1,0.0,0.0,6
882,14,0,0.0,0.0,6
2257,6,1,0.0,0.0,1
782,8,1,0.0,0.0,7
3148,53,0,0.0,0.0,4
2353,71,3,0.0,0.0,1
2961,101,3,0.0,0.0,6
1357,53,0,0.0,0.0,4
3717,70,2,0.0,0.0,6
2361,70,2,0.0,0.0,6
3438,81,3,0.0,0.0,3
1281,11,1,0.0,0.0,4
3498,100,3,0.0,0.0,4
1454,70,2,0.0,0.0,4
2703,6,1,0.0,0.0,6
3184,70,2,0.0,0.0,4
167,20,0,0.0,0.0,4
4651,20,0,0.0,0.0,4
2272,71,3,0.0,0.0,6
3918,6,1,0.0,0.0,1
3145,70,2,0.0,0.0,6
4098,71,3,0.0,0.0,6
715,14,0,0.0,0.0,3
1697,14,0,0.0,0.0,5
2803,108,1,0.0,0.0,6
1699,100,3,0.0,0.0,5
364,0,1,0.0,0.0,6
1316,3,1,0.0,0.0,6
3486,4,1,0.0,0.0,1
2334,50,0,0.0,0.0,6
3193,64,3,0.0,0.0,3
2151,43,0,0.0,0.0,1
1745,64,3,0.0,0.0,3
3036,71,3,0.0,0.0,6
4667,108,1,0.0,0.0,3
2778,108,1,0.0,0.0,3
3060,70,2,0.0,0.0,4
3542,14,0,0.0,0.0,3
294,50,0,0.0,0.0,1
4025,10,1,0.0,0.0,3
3979,109,0,0.0,0.0,6
3663,10,1,0.0,0.0,3
817,1,1,0.0,0.0,4
1752,20,0,0.0,0.0,3
2022,108,1,0.0,0.0,6
4592,108,1,0.0,0.0,4
4009,14,0,0.0,0.0,4
2300,108,1,0.0,0.0,3
3029,64,3,0.0,0.0,4
3804,8,1,0.0,0.0,6
812,71,3,0.0,0.0,6
3132,100,3,0.0,0.0,3
966,64,3,0.0,0.0,5
3309,7,1,0.0,0.0,5
2164,101,3,0.0,0.0,4
1109,14,0,0.0,0.0,6
1213,14,0,0.0,0.0,6
129,20,0,0.0,0.0,6
1121,23,0,0.0,0.0,3
2374,70,2,0.0,0.0,5
4091,70,2,0.0,0.0,4
4183,104,3,0.0,0.0,3
4320,2,1,0.0,0.0,6
858,14,0,0.0,0.0,6
1199,14,0,0.0,0.0,3
4289,64,3,0.0,0.0,3
3599,97,3,0.0,0.0,1
1379,0,1,0.0,0.0,3
859,53,0,0.0,0.0,6
1775,53,0,0.0,0.0,5
1979,107,3,0.0,0.0,3
3103,14,0,0.0,0.0,4
1746,14,0,0.0,0.0,6
1048,70,2,0.0,0.0,6
4535,108,1,0.0,0.0,4
831,71,3,0.0,0.0,4
1351,108,1,0.0,0.0,7
1917,71,3,0.0,0.0,7
4278,14,0,0.0,0.0,3
4428,70,2,0.0,0.0,5
2125,0,1,0.0,0.0,6
4050,74,3,0.0,0.0,3
589,108,1,0.0,0.0,7
355,12,1,0.0,0.0,6
790,14,0,0.0,0.0,4
2857,10,1,0.0,0.0,5
84,14,0,0.0,0.0,6
1593,50,0,0.0,0.0,4
4504,7,1,0.0,0.0,3
2073,34,0,0.0,0.0,1
1012,53,0,0.0,0.0,5
4103,53,0,0.0,0.0,6
4681,3,1,0.0,0.0,6
4276,56,0,0.0,0.0,3
4545,1,1,0.0,0.0,3
3492,70,2,0.0,0.0,3
4083,14,0,0.0,0.0,6
2068,108,1,0.0,0.0,5
3947,53,0,0.0,0.0,1
1843,50,0,0.0,0.0,5
968,64,3,0.0,0.0,3
4023,20,0,0.0,0.0,6
546,6,1,0.0,0.0,6
3499,70,2,0.0,0.0,3
651,108,1,0.0,0.0,1
843,53,0,0.0,0.0,3
1692,70,2,0.0,0.0,6
2215,20,0,0.0,0.0,4
1942,108,1,0.0,0.0,3
3002,53,0,0.0,0.0,4
2814,108,1,0.0,0.0,3
1291,20,0,0.0,0.0,5
3721,100,3,0.0,0.0,6
1339,100,3,0.0,0.0,4
2716,6,1,0.0,0.0,3
1271,14,0,0.0,0.0,4
1178,108,1,0.0,0.0,5
787,4,1,0.0,0.0,5
1165,6,1,0.0,0.0,6
4687,100,3,0.0,0.0,6
1533,70,2,0.0,0.0,3
1230,71,3,0.0,0.0,6
1625,50,0,0.0,0.0,4
2499,64,3,0.0,0.0,5
881,14,0,0.0,0.0,4
4342,3,1,0.0,0.0,6
2021,14,0,0.0,0.0,6
2913,71,3,0.0,0.0,3
1643,79,3,0.0,0.0,7
4446,64,3,0.0,0.0,1
4403,108,1,0.0,0.0,6
2496,108,1,0.0,0.0,5
1947,70,2,0.0,0.0,5
368,109,0,0.0,0.0,3
170,14,0,0.0,0.0,4
4273,71,3,0.0,0.0,4
3270,7,1,0.0,0.0,6
262,10,1,0.0,0.0,6
1065,14,0,0.0,0.0,6
3334,14,0,0.0,0.0,3
1919,14,0,0.0,0.0,3
3896,108,1,0.0,0.0,4
937,10,1,0.0,0.0,1
1985,50,0,0.0,0.0,3
671,70,2,0.0,0.0,1
2249,71,3,0.0,0.0,6
1764,58,0,0.0,0.0,1
1835,70,2,0.0,0.0,5
1736,64,3,0.0,0.0,4
1828,9,1,0.0,0.0,6
569,23,0,0.0,0.0,6
1971,108,1,0.0,0.0,4
1553,14,0,0.0,0.0,4
3061,100,3,0.0,0.0,4
274,14,0,0.0,0.0,4
2003,108,1,0.0,0.0,5
2558,10,1,0.0,0.0,4
321,70,2,0.0,0.0,5
4482,14,0,0.0,0.0,3
2682,6,1,0.0,0.0,6
2415,63,3,0.0,0.0,7
572,10,1,0.0,0.0,1
2535,70,2,0.0,0.0,3
2988,71,3,0.0,0.0,4
3109,14,0,0.0,0.0,3
987,64,3,0.0,0.0,6
2007,100,3,0.0,0.0,5
459,100,3,0.0,0.0,6
2169,53,0,0.0,0.0,6
2629,71,3,0.0,0.0,6
1306,53,0,0.0,0.0,3
2305,14,0,0.0,0.0,5
2039,1,1,0.0,0.0,5
4281,71,3,0.0,0.0,4
2123,64,3,0.0,0.0,7
2763,20,0,0.0,0.0,5
681,70,2,0.0,0.0,3
4591,14,0,0.0,0.0,4
2194,2,1,0.0,0.0,6
1904,50,0,0.0,0.0,4
2429,63,3,0.0,0.0,4
3963,71,3,0.0,0.0,4
1908,0,1,0.0,0.0,3
4174,108,1,0.0,0.0,7
3166,20,0,0.0,0.0,3
532,20,0,0.0,0.0,7
1347,7,1,0.0,0.0,4
3338,50,0,0.0,0.0,3
2327,20,0,0.0,0.0,6
1966,73,3,0.0,0.0,1
1893,10,1,0.0,0.0,5
3965,108,1,0.0,0.0,1
2945,6,1,0.0,0.0,6
1609,64,3,0.0,0.0,4
2196,10,1,0.0,0.0,5
4438,14,0,0.0,0.0,6
4334,64,3,0.0,0.0,6
4664,70,2,0.0,0.0,7
3715,71,3,0.0,0.0,4
4361,70,2,0.0,0.0,5
3899,108,1,0.0,0.0,6
2461,6,1,0.0,0.0,4
3544,109,0,0.0,0.0,4
2398,100,3,0.0,0.0,6
1953,70,2,0.0,0.0,6
427,108,1,0.0,0.0,6
4706,27,0,0.0,0.0,6
3712,10,1,0.0,0.0,5
485,64,3,0.0,0.0,3
3081,70,2,0.0,0.0,5
2566,107,3,0.0,0.0,5
3225,70,2,0.0,0.0,6
3868,8,1,0.0,0.0,5
2069,64,3,0.0,0.0,1
3026,64,3,0.0,0.0,4
1536,71,3,0.0,0.0,6
3335,100,3,0.0,0.0,5
2905,50,0,0.0,0.0,3
1912,14,0,0.0,0.0,4
1634,34,0,0.0,0.0,3
3004,50,0,0.0,0.0,6
3112,10,1,0.0,0.0,6
280,12,1,0.0,0.0,1
3590,12,1,0.0,0.0,5
418,20,0,0.0,0.0,3
2732,83,3,0.0,0.0,1
3328,122,0,0.0,0.0,3
4534,108,1,0.0,0.0,4
2974,20,0,0.0,0.0,4
2179,64,3,0.0,0.0,4
3991,109,0,0.0,0.0,5
8,27,0,0.0,0.0,3
1391,100,3,0.0,0.0,3
4543,11,1,0.0,0.0,6
3854,14,0,0.0,0.0,1
3969,50,0,0.0,0.0,6
500,14,0,0.0,0.0,3
929,73,3,0.0,0.0,1
3414,6,1,0.0,0.0,6
1455,108,1,0.0,0.0,3
3784,2,1,0.0,0.0,7
4209,100,3,0.0,0.0,4
995,14,0,0.0,0.0,6
122,20,0,0.0,0.0,3
735,108,1,0.0,0.0,5
1529,64,3,0.0,0.0,4
2131,100,3,0.0,0.0,5
4471,12,1,0.0,0.0,3
1722,68,3,0.0,0.0,4
2783,71,3,0.0,0.0,5
4507,104,3,0.0,0.0,4
1025,1,1,0.0,0.0,6
1255,64,3,0.0,0.0,6
3487,8,1,0.0,0.0,3
58,14,0,0.0,0.0,6
325,6,1,0.0,0.0,3
4638,6,1,0.0,0.0,4
1260,108,1,0.0,0.0,3
1361,84,3,0.0,0.0,6
4191,0,1,0.0,0.0,6
964,70,2,0.0,0.0,6
4338,108,1,0.0,0.0,6
1273,20,0,0.0,0.0,3
4286,70,2,0.0,0.0,3
2644,50,0,0.0,0.0,5
3620,14,0,0.0,0.0,4
4226,4,1,0.0,0.0,5
3944,108,1,0.0,0.0,6
699,108,1,0.0,0.0,6
1922,108,1,0.0,0.0,6
3694,64,3,0.0,0.0,5
2054,2,1,0.0,0.0,6
1499,50,0,0.0,0.0,3
4282,0,1,0.0,0.0,3
2706,71,3,0.0,0.0,6
2948,108,1,0.0,0.0,6
3737,50,0,0.0,0.0,6
2163,14,0,0.0,0.0,4
1837,10,1,0.0,0.0,3
3534,8,1,0.0,0.0,6
349,3,1,0.0,0.0,6
696,2,1,0.0,0.0,6
72,14,0,0.0,0.0,6
3971,124,0,0.0,0.0,6
613,10,1,0.0,0.0,1
3984,107,3,0.0,0.0,3
3922,0,1,0.0,0.0,5
967,27,0,0.0,0.0,6
3042,70,2,0.0,0.0,7
318,100,3,0.0,0.0,6
4199,70,2,0.0,0.0,4
4705,14,0,0.0,0.0,4
875,2,1,0.0,0.0,6
2627,14,0,0.0,0.0,4
4621,108,1,0.0,0.0,5
1931,14,0,0.0,0.0,6
2414,23,0,0.0,0.0,1
3669,50,0,0.0,0.0,6
2181,64,3,0.0,0.0,5
1940,64,3,0.0,0.0,4
908,14,0,0.0,0.0,6
4644,14,0,0.0,0.0,1
646,70,2,0.0,0.0,6
2529,25,0,0.0,0.0,3
3073,14,0,0.0,0.0,6
2727,27,0,0.0,0.0,4
3518,34,0,0.0,0.0,1
3327,64,3,0.0,0.0,4
2095,71,3,0.0,0.0,4
2188,15,0,0.0,0.0,5
3864,14,0,0.0,0.0,3
81,64,3,0.0,0.0,3
1481,71,3,0.0,0.0,5
606,9,1,0.0,0.0,4
1916,20,0,0.0,0.0,4
3880,20,0,0.0,0.0,5
4686,0,1,0.0,0.0,6
3875,14,0,0.0,0.0,5
4043,11,1,0.0,0.0,5
1007,14,0,0.0,0.0,1
936,108,1,0.0,0.0,6
525,71,3,0.0,0.0,6
3357,64,3,0.0,0.0,4
3472,23,0,0.0,0.0,6
3637,64,3,0.0,0.0,1
2877,60,0,0.0,0.0,5
1603,70,2,0.0,0.0,6
2170,108,1,0.0,0.0,6
1959,23,0,0.0,0.0,3
534,20,0,0.0,0.0,6
29,10,1,0.0,0.0,5
2240,27,0,0.0,0.0,3
3901,104,3,0.0,0.0,6
1456,3,1,0.0,0.0,6
2210,53,0,0.0,0.0,5
550,41,0,0.0,0.0,3
4071,50,0,0.0,0.0,3
4460,77,3,0.0,0.0,6
275,77,3,0.0,0.0,1
1515,64,3,0.0,0.0,5
1035,5,1,0.0,0.0,3
4475,34,0,0.0,0.0,5
112,108,1,0.0,0.0,6
4048,14,0,0.0,0.0,6
1848,52,0,0.0,0.0,6
1155,62,0,0.0,0.0,3
573,108,1,0.0,0.0,6
42,4,1,0.0,0.0,5
3816,34,0,0.0,0.0,6
1267,77,3,0.0,0.0,1
2195,53,0,0.0,0.0,1
1171,20,0,0.0,0.0,5
2972,14,0,0.0,0.0,3
1319,70,2,0.0,0.0,1
3213,14,0,0.0,0.0,1
1265,108,1,0.0,0.0,5
2283,70,2,0.0,0.0,1
4586,70,2,0.0,0.0,3
4702,14,0,0.0,0.0,1
1341,71,3,0.0,0.0,7
3680,14,0,0.0,0.0,1
4369,108,1,0.0,0.0,3
2785,3,1,0.0,0.0,1
1599,14,0,0.0,0.0,4
477,70,2,0.0,0.0,1
1656,64,3,0.0,0.0,4
3832,108,1,0.0,0.0,7
4271,109,0,0.0,0.0,5
2856,108,1,0.0,0.0,4
3350,64,3,0.0,0.0,4
2349,122,0,0.0,0.0,5
2479,70,2,0.0,0.0,1
3754,77,3,0.0,0.0,1
2626,2,1,0.0,0.0,1
2112,64,3,0.0,0.0,6
4238,58,0,0.0,0.0,4
3994,61,0,0.0,0.0,1
2433,27,0,0.0,0.0,6
1646,10,1,0.0,0.0,5
285,70,2,0.0,0.0,3
4553,34,0,0.0,0.0,5
4085,14,0,0.0,0.0,4
3987,10,1,0.0,0.0,5
640,100,3,0.0,0.0,3
2253,14,0,0.0,0.0,4
3810,71,3,0.0,0.0,6
247,8,1,0.0,0.0,7
152,50,0,0.0,0.0,3
3652,14,0,0.0,0.0,6
3796,20,0,0.0,0.0,6
4449,69,3,0.0,0.0,5
1800,100,3,0.0,0.0,5
2524,117,0,0.0,0.0,3
4569,14,0,0.0,0.0,6
3844,108,1,0.0,0.0,1
4294,8,1,0.0,0.0,7
1982,97,3,0.0,0.0,4
3341,71,3,0.0,0.0,6
647,2,1,0.0,0.0,3
869,100,3,0.0,0.0,6
498,2,1,0.0,0.0,4
2036,20,0,0.0,0.0,3
1053,10,1,0.0,0.0,3
4404,14,0,0.0,0.0,4
2708,114,0,0.0,0.0,4
3391,100,3,0.0,0.0,3
3819,71,3,0.0,0.0,4
4662,70,2,0.0,0.0,3
3890,108,1,0.0,0.0,6
4703,34,0,0.0,0.0,7
637,71,3,0.0,0.0,6
2963,37,0,0.0,0.0,5
23,64,3,0.0,0.0,4
3961,53,0,0.0,0.0,5
2803,7,1,0.0,0.0,3
1181,71,3,0.0,0.0,3
4265,71,3,0.0,0.0,6
1508,108,1,0.0,0.0,4
1780,6,1,0.0,0.0,3
890,69,3,0.0,0.0,1
1300,108,1,0.0,0.0,6
140,71,3,0.0,0.0,4
4253,34,0,0.0,0.0,4
1295,63,3,0.0,0.0,5
282,64,3,0.0,0.0,6
3484,100,3,0.0,0.0,1
3970,61,0,0.0,0.0,3
419,27,0,0.0,0.0,1
475,5,1,0.0,0.0,6
3523,70,2,0.0,0.0,5
1872,104,3,0.0,0.0,4
624,108,1,0.0,0.0,5
2482,104,3,0.0,0.0,4
2064,2,1,0.0,0.0,6
1844,10,1,0.0,0.0,4
108,0,1,0.0,0.0,6
3396,14,0,0.0,0.0,6
3351,53,0,0.0,0.0,1
2469,27,0,0.0,0.0,6
2912,50,0,0.0,0.0,3
4541,108,1,0.0,0.0,3
633,108,1,0.0,0.0,6
198,126,0,0.0,0.0,1
1743,14,0,0.0,0.0,3
2218,20,0,0.0,0.0,6
1150,14,0,0.0,0.0,3
3667,71,3,0.0,0.0,6
3993,70,2,0.0,0.0,4
3817,91,3,0.0,0.0,1
3603,0,1,0.0,0.0,5
3797,37,0,0.0,0.0,1
4036,108,1,0.0,0.0,5
2446,53,0,0.0,0.0,6
3007,64,3,0.0,0.0,5
2502,64,3,0.0,0.0,4
538,50,0,0.0,0.0,3
1993,2,1,0.0,0.0,3
3480,63,3,0.0,0.0,1
127,27,0,0.0,0.0,4
2489,14,0,0.0,0.0,5
279,20,0,0.0,0.0,5
399,71,3,0.0,0.0,6
1186,107,3,0.0,0.0,1
1806,108,1,0.0,0.0,5
91,14,0,0.0,0.0,6
3158,14,0,0.0,0.0,5
2545,53,0,0.0,0.0,3
4264,109,0,0.0,0.0,5
1528,27,0,0.0,0.0,3
1104,14,0,0.0,0.0,5
1929,14,0,0.0,0.0,5
3900,71,3,0.0,0.0,5
4532,27,0,0.0,0.0,6
71,111,0,0.0,0.0,5
552,16,0,0.0,0.0,4
454,14,0,0.0,0.0,3
2742,14,0,0.0,0.0,4
323,64,3,0.0,0.0,5
2369,0,1,0.0,0.0,4
4337,14,0,0.0,0.0,6
2971,14,0,0.0,0.0,4
1183,54,0,0.0,0.0,3
2467,27,0,0.0,0.0,4
3933,50,0,0.0,0.0,5
3511,70,2,0.0,0.0,3
1233,70,2,0.0,0.0,1
2382,64,3,0.0,0.0,3
4195,27,0,0.0,0.0,1
2309,70,2,0.0,0.0,3
2139,29,0,0.0,0.0,3
3447,70,2,0.0,0.0,3
3125,133,4,0.0,0.0,5
1676,14,0,0.0,0.0,5
4400,20,0,0.0,0.0,4
1527,70,2,0.0,0.0,6
763,53,0,0.0,0.0,6
209,64,3,0.0,0.0,7
3017,14,0,0.0,0.0,3
3266,14,0,0.0,0.0,6
4372,6,1,0.0,0.0,6
3950,104,3,0.0,0.0,5
707,108,1,0.0,0.0,5
2203,11,1,0.0,0.0,6
2517,108,1,0.0,0.0,5
1024,1,1,0.0,0.0,4
3562,50,0,0.0,0.0,4
3370,70,2,0.0,0.0,6
656,9,1,0.0,0.0,6
3812,64,3,0.0,0.0,3
1203,64,3,0.0,0.0,6
2198,64,3,0.0,0.0,4
2126,70,2,0.0,0.0,4
4546,50,0,0.0,0.0,1
298,71,3,0.0,0.0,4
4466,108,1,0.0,0.0,5
2869,0,1,0.0,0.0,4
1283,3,1,0.0,0.0,4
664,23,0,0.0,0.0,6
116,71,3,0.0,0.0,6
228,50,0,0.0,0.0,4
2356,71,3,0.0,0.0,1
1639,14,0,0.0,0.0,3
2288,14,0,0.0,0.0,6
1130,61,0,0.0,0.0,4
2336,71,3,0.0,0.0,3
2387,108,1,0.0,0.0,4
113,70,2,0.0,0.0,5
6,108,1,0.0,0.0,6
4134,4,1,0.0,0.0,3
313,71,3,0.0,0.0,7
3730,14,0,0.0,0.0,5
4514,120,0,0.0,0.0,6
433,3,1,0.0,0.0,3
4484,15,0,0.0,0.0,1
2624,14,0,0.0,0.0,5
4332,114,0,0.0,0.0,4
2756,14,0,0.0,0.0,6
1814,127,0,0.0,0.0,3
2371,58,0,0.0,0.0,5
1289,108,1,0.0,0.0,6
410,14,0,0.0,0.0,5
4399,14,0,0.0,0.0,6
4011,71,3,0.0,0.0,6
4583,108,1,0.0,0.0,6
1402,7,1,0.0,0.0,6
2342,0,1,0.0,0.0,6
3920,14,0,0.0,0.0,4
184,14,0,0.0,0.0,7
4387,100,3,0.0,0.0,6
1209,108,1,0.0,0.0,1
4362,14,0,0.0,0.0,3
2597,20,0,0.0,0.0,3
3565,108,1,0.0,0.0,3
229,64,3,0.0,0.0,5
4115,4,1,0.0,0.0,6
2081,108,1,0.0,0.0,1
739,71,3,0.0,0.0,5
250,64,3,0.0,0.0,3
1521,50,0,0.0,0.0,4
1718,0,1,0.0,0.0,4
2157,8,1,0.0,0.0,6
2410,10,1,0.0,0.0,4
4377,104,3,0.0,0.0,6
1411,71,3,0.0,0.0,6
2090,64,3,0.0,0.0,6
453,100,3,0.0,0.0,3
2992,108,1,0.0,0.0,6
3575,70,2,0.0,0.0,6
3457,71,3,0.0,0.0,7
570,27,0,0.0,0.0,6
4317,64,3,0.0,0.0,6
4376,100,3,0.0,0.0,4
1236,100,3,0.0,0.0,3
2146,34,0,0.0,0.0,3
2303,14,0,0.0,0.0,6
3938,14,0,0.0,0.0,1
3398,108,1,0.0,0.0,4
3236,83,3,0.0,0.0,1
4269,70,2,0.0,0.0,4
1871,80,3,0.0,0.0,6
1909,14,0,0.0,0.0,6
160,14,0,0.0,0.0,4
2730,132,0,0.0,0.0,4
1660,108,1,0.0,0.0,6
2504,6,1,0.0,0.0,3
907,14,0,0.0,0.0,6
3666,0,1,0.0,0.0,6
693,71,3,0.0,0.0,6
4354,100,3,0.0,0.0,6
2470,70,2,0.0,0.0,4
2035,70,2,0.0,0.0,5
3992,70,2,0.0,0.0,5
3166,12,1,0.0,0.0,4
2554,71,3,0.0,0.0,6
1500,108,1,0.0,0.0,3
4513,34,0,0.0,0.0,6
2593,70,2,0.0,0.0,6
3482,14,0,0.0,0.0,4
632,100,3,0.0,0.0,3
969,108,1,0.0,0.0,4
3233,64,3,0.0,0.0,4
3959,50,0,0.0,0.0,6
2539,10,1,0.0,0.0,5
1974,50,0,0.0,0.0,3
3697,16,0,0.0,0.0,5
4394,34,0,0.0,0.0,3
3149,69,3,0.0,0.0,4
1845,100,3,0.0,0.0,5
1395,64,3,0.0,0.0,3
3779,14,0,0.0,0.0,4
1108,16,0,0.0,0.0,1
3263,71,3,0.0,0.0,6
963,0,1,0.0,0.0,5
1802,64,3,0.0,0.0,6
3276,77,3,0.0,0.0,1
4370,20,0,0.0,0.0,4
1060,64,3,0.0,0.0,6
3389,71,3,0.0,0.0,4
1119,64,3,0.0,0.0,6
389,71,3,0.0,0.0,6
549,3,1,0.0,0.0,3
1673,20,0,0.0,0.0,3
4488,108,1,0.0,0.0,6
1955,64,3,0.0,0.0,5
3305,53,0,0.0,0.0,7
4518,14,0,0.0,0.0,4
2344,100,3,0.0,0.0,6
3446,3,1,0.0,0.0,6
3803,14,0,0.0,0.0,4
3204,10,1,0.0,0.0,3
1713,71,3,0.0,0.0,6
4640,0,1,0.0,0.0,3
3310,9,1,0.0,0.0,1
2855,92,3,0.0,0.0,6
692,3,1,0.0,0.0,5
4508,14,0,0.0,0.0,6
4523,108,1,0.0,0.0,5
3227,10,1,0.0,0.0,3
726,14,0,0.0,0.0,6
1770,64,3,0.0,0.0,4
4500,15,0,0.0,0.0,6
3539,70,2,0.0,0.0,1
466,108,1,0.0,0.0,7
4089,14,0,0.0,0.0,5
2550,3,1,0.0,0.0,3
126,14,0,0.0,0.0,3
2728,108,1,0.0,0.0,7
3510,70,2,0.0,0.0,4
1513,64,3,0.0,0.0,1
4618,14,0,0.0,0.0,6
1962,100,3,0.0,0.0,5
1474,1,1,0.0,0.0,5
804,71,3,0.0,0.0,5
3701,10,1,0.0,0.0,4
2332,64,3,0.0,0.0,4
150,108,1,0.0,0.0,7
2797,108,1,0.0,0.0,7
2523,23,0,0.0,0.0,4
1672,14,0,0.0,0.0,6
2515,71,3,0.0,0.0,1
4074,108,1,0.0,0.0,3
3171,14,0,0.0,0.0,3
3385,50,0,0.0,0.0,5
815,71,3,0.0,0.0,5
512,70,2,0.0,0.0,5
4612,100,3,0.0,0.0,6
4363,27,0,0.0,0.0,5
2245,14,0,0.0,0.0,3
2984,64,3,0.0,0.0,3
1115,27,0,0.0,0.0,7
3072,70,2,0.0,0.0,5
2533,14,0,0.0,0.0,4
2956,14,0,0.0,0.0,6
4536,71,3,0.0,0.0,4
1488,71,3,0.0,0.0,7
300,53,0,0.0,0.0,6
4479,55,0,0.0,0.0,1
186,53,0,0.0,0.0,6
4314,70,2,0.0,0.0,6
4539,27,0,0.0,0.0,5
2471,53,0,0.0,0.0,1
226,70,2,0.0,0.0,1
3040,23,0,0.0,0.0,1
3911,100,3,0.0,0.0,6
959,14,0,0.0,0.0,4
3821,53,0,0.0,0.0,5
1067,104,3,0.0,0.0,4
4409,10,1,0.0,0.0,5
796,71,3,0.0,0.0,3
2435,27,0,0.0,0.0,4
3902,35,0,0.0,0.0,5
638,71,3,0.0,0.0,6
289,0,1,0.0,0.0,4
33,53,0,0.0,0.0,6
3063,14,0,0.0,0.0,6
4097,14,0,0.0,0.0,6
2858,14,0,0.0,0.0,5
291,7,1,0.0,0.0,5
2981,7,1,0.0,0.0,6
3707,27,0,0.0,0.0,7
461,71,3,0.0,0.0,3
617,6,1,0.0,0.0,4
2269,14,0,0.0,0.0,6
592,23,0,0.0,0.0,6
2033,69,3,0.0,0.0,5
2901,10,1,0.0,0.0,7
3860,14,0,0.0,0.0,7
668,14,0,0.0,0.0,6
2809,100,3,0.0,0.0,3
2952,10,1,0.0,0.0,6
1057,14,0,0.0,0.0,5
264,70,2,0.0,0.0,3
4629,6,1,0.0,0.0,7
3945,108,1,0.0,0.0,5
4028,34,0,0.0,0.0,6
662,14,0,0.0,0.0,3
1461,14,0,0.0,0.0,1
4177,69,3,0.0,0.0,4
3646,104,3,0.0,0.0,6
1126,50,0,0.0,0.0,5
1516,108,1,0.0,0.0,5
3964,64,3,0.0,0.0,6
223,108,1,0.0,0.0,6
4090,108,1,0.0,0.0,3
252,10,1,0.0,0.0,3
2513,107,3,0.0,0.0,5
3921,64,3,0.0,0.0,3
89,11,1,0.0,0.0,5
3888,14,0,0.0,0.0,3
4389,64,3,0.0,0.0,1
4172,14,0,0.0,0.0,6
1200,73,3,0.0,0.0,1
816,53,0,0.0,0.0,6
3524,2,1,0.0,0.0,5
1744,50,0,0.0,0.0,4
4082,14,0,0.0,0.0,6
2145,132,0,0.0,0.0,6
2109,10,1,0.0,0.0,5
4227,2,1,0.0,0.0,3
3304,7,1,0.0,0.0,6
1132,108,1,0.0,0.0,6
206,14,0,0.0,0.0,5
4283,50,0,0.0,0.0,4
27,70,2,0.0,0.0,1
347,70,2,0.0,0.0,3
4040,64,3,0.0,0.0,3
1139,10,1,0.0,0.0,3
4603,70,2,0.0,0.0,4
625,0,1,0.0,0.0,3
4192,104,3,0.0,0.0,5
1933,70,2,0.0,0.0,6
353,70,2,0.0,0.0,3
2173,50,0,0.0,0.0,3
4447,108,1,0.0,0.0,6
1568,64,3,0.0,0.0,3
4423,20,0,0.0,0.0,4
772,104,3,0.0,0.0,6
1026,34,0,0.0,0.0,6
3401,6,1,0.0,0.0,6
3808,64,3,0.0,0.0,6
149,70,2,0.0,0.0,5
3151,10,1,0.0,0.0,5
3975,8,1,0.0,0.0,6
2070,53,0,0.0,0.0,4
2811,3,1,0.0,0.0,7
598,53,0,0.0,0.0,3
4087,108,1,0.0,0.0,4
3419,50,0,0.0,0.0,6
1128,101,3,0.0,0.0,1
4380,23,0,0.0,0.0,4
4366,87,3,0.0,0.0,3
2436,76,3,0.0,0.0,4
2076,45,0,0.0,0.0,3
864,108,1,0.0,0.0,6
2853,10,1,0.0,0.0,4
3790,64,3,0.0,0.0,4
3673,50,0,0.0,0.0,1
2739,108,1,0.0,0.0,3
259,70,2,0.0,0.0,3
3345,108,1,0.0,0.0,5
3296,50,0,0.0,0.0,7
1243,63,3,0.0,0.0,1
441,64,3,0.0,0.0,3
3337,20,0,0.0,0.0,5
403,64,3,0.0,0.0,4
811,4,1,0.0,0.0,3
2726,1,1,0.0,0.0,6
12,108,1,0.0,0.0,6
673,59,0,0.0,0.0,3
3336,34,0,0.0,0.0,6
3709,64,3,0.0,0.0,4
997,70,2,0.0,0.0,4
409,34,0,0.0,0.0,1
78,100,3,0.0,0.0,4
1485,50,0,0.0,0.0,3
880,14,0,0.0,0.0,6
3649,25,0,0.0,0.0,6
1224,108,1,0.0,0.0,1
4167,70,2,0.0,0.0,3
2521,108,1,0.0,0.0,6
2601,108,1,0.0,0.0,5
4233,50,0,0.0,0.0,4
2741,53,0,0.0,0.0,5
737,10,1,0.0,0.0,5
620,71,3,0.0,0.0,6
2141,14,0,0.0,0.0,6
3618,70,2,0.0,0.0,6
1659,70,2,0.0,0.0,4
1352,14,0,0.0,0.0,3
3224,4,1,0.0,0.0,4
1957,0,1,0.0,0.0,6
973,64,3,0.0,0.0,6
460,27,0,0.0,0.0,6
2057,53,0,0.0,0.0,3
990,64,3,0.0,0.0,6
1703,101,3,0.0,0.0,1
3129,108,1,0.0,0.0,6
74,71,3,0.0,0.0,4
30,27,0,0.0,0.0,1
4003,64,3,0.0,0.0,1
57,14,0,0.0,0.0,6
1487,64,3,0.0,0.0,4
2794,0,1,0.0,0.0,6
350,14,0,0.0,0.0,3
4056,70,2,0.0,0.0,4
1631,2,1,0.0,0.0,5
1093,4,1,0.0,0.0,5
595,8,1,0.0,0.0,5
3234,3,1,0.0,0.0,1
4142,64,3,0.0,0.0,1
1329,14,0,0.0,0.0,1
2991,64,3,0.0,0.0,3
4469,7,1,0.0,0.0,3
1866,63,3,0.0,0.0,6
3989,76,3,0.0,0.0,3
2792,12,1,0.0,0.0,3
2477,14,0,0.0,0.0,5
465,34,0,0.0,0.0,1
205,14,0,0.0,0.0,3
942,11,1,0.0,0.0,6
3535,27,0,0.0,0.0,6
4135,14,0,0.0,0.0,3
3325,14,0,0.0,0.0,5
4262,108,1,0.0,0.0,3
1573,40,0,0.0,0.0,3
543,50,0,0.0,0.0,6
980,71,3,0.0,0.0,6
24,133,4,0.0,0.0,5
4468,14,0,0.0,0.0,1
903,10,1,0.0,0.0,4
1849,14,0,0.0,0.0,4
601,15,0,0.0,0.0,4
2011,14,0,0.0,0.0,3
911,108,1,0.0,0.0,6
2401,47,0,0.0,0.0,4
2713,3,1,0.0,0.0,3
4224,6,1,0.0,0.0,4
3031,100,3,0.0,0.0,3
3826,6,1,0.0,0.0,7
3983,108,1,0.0,0.0,4
1170,108,1,0.0,0.0,1
3607,10,1,0.0,0.0,4
2549,14,0,0.0,0.0,4
176,100,3,0.0,0.0,5
3681,50,0,0.0,0.0,6
1507,71,3,0.0,0.0,5
2460,14,0,0.0,0.0,3
4521,53,0,0.0,0.0,6
762,63,3,0.0,0.0,6
3820,7,1,0.0,0.0,5
940,14,0,0.0,0.0,3
118,33,0,0.0,0.0,3
1257,50,0,0.0,0.0,5
3981,64,3,0.0,0.0,3
2526,53,0,0.0,0.0,4
3206,27,0,0.0,0.0,5
1490,14,0,0.0,0.0,3
1731,50,0,0.0,0.0,6
1922,70,2,0.0,0.0,4
2423,104,3,0.0,0.0,4
3077,64,3,0.0,0.0,5
2654,108,1,0.0,0.0,6
1728,3,1,0.0,0.0,5
4575,64,3,0.0,0.0,6
2835,108,1,0.0,0.0,6
4184,108,1,0.0,0.0,6
3872,50,0,0.0,0.0,1
4256,53,0,0.0,0.0,6
917,6,1,0.0,0.0,6
2796,71,3,0.0,0.0,5
3226,108,1,0.0,0.0,6
4123,8,1,0.0,0.0,6
1039,23,0,0.0,0.0,7
956,15,0,0.0,0.0,6
4189,10,1,0.0,0.0,1
4001,64,3,0.0,0.0,3
4627,34,0,0.0,0.0,5
94,14,0,0.0,0.0,5
1152,108,1,0.0,0.0,6
2108,27,0,0.0,0.0,6
988,108,1,0.0,0.0,4
539,108,1,0.0,0.0,4
3898,14,0,0.0,0.0,4
3375,14,0,0.0,0.0,1
2302,43,0,0.0,0.0,1
4004,27,0,0.0,0.0,6
915,6,1,0.0,0.0,7
4695,14,0,0.0,0.0,3
3281,64,3,0.0,0.0,4
1248,7,1,0.0,0.0,4
4280,14,0,0.0,0.0,1
3811,108,1,0.0,0.0,6
3382,50,0,0.0,0.0,1
1124,2,1,0.0,0.0,6
4436,64,3,0.0,0.0,5
1564,53,0,0.0,0.0,6
1687,64,3,0.0,0.0,6
4574,107,3,0.0,0.0,7
3347,64,3,0.0,0.0,4
4615,101,3,0.0,0.0,5
2572,100,3,0.0,0.0,7
3011,23,0,0.0,0.0,5
4057,14,0,0.0,0.0,4
2959,27,0,0.0,0.0,6
587,104,3,0.0,0.0,6
2871,42,0,0.0,0.0,3
319,64,3,0.0,0.0,5
800,70,2,0.0,0.0,6
1662,3,1,0.0,0.0,5
2589,10,1,0.0,0.0,3
2531,11,1,0.0,0.0,3
2456,64,3,0.0,0.0,4
2953,64,3,0.0,0.0,5
442,64,3,0.0,0.0,4
3549,14,0,0.0,0.0,3
1557,108,1,0.0,0.0,6
2555,108,1,0.0,0.0,5
1249,14,0,0.0,0.0,4
1162,108,1,0.0,0.0,1
3759,15,0,0.0,0.0,5
2417,53,0,0.0,0.0,4
4396,20,0,0.0,0.0,1
1177,108,1,0.0,0.0,5
1098,70,2,0.0,0.0,1
2598,108,1,0.0,0.0,6
1820,10,1,0.0,0.0,7
1312,70,2,0.0,0.0,6
1653,70,2,0.0,0.0,4
2993,70,2,0.0,0.0,4
4296,27,0,0.0,0.0,4
1450,70,2,0.0,0.0,3
3116,64,3,0.0,0.0,3
2457,14,0,0.0,0.0,6
602,71,3,0.0,0.0,6
406,100,3,0.0,0.0,4
508,70,2,0.0,0.0,3
3018,92,3,0.0,0.0,6
887,0,1,0.0,0.0,3
868,107,3,0.0,0.0,5
4381,14,0,0.0,0.0,5
46,7,1,0.0,0.0,3
2893,23,0,0.0,0.0,5
3722,8,1,0.0,0.0,3
2965,64,3,0.0,0.0,1
51,71,3,0.0,0.0,7
4580,71,3,0.0,0.0,5
3181,108,1,0.0,0.0,5
654,20,0,0.0,0.0,3
2544,101,3,0.0,0.0,6
2329,108,1,0.0,0.0,4
3189,70,2,0.0,0.0,6
989,64,3,0.0,0.0,3
9,14,0,0.0,0.0,5
2849,14,0,0.0,0.0,5
1910,23,0,0.0,0.0,5
1116,10,1,0.0,0.0,4
2359,14,0,0.0,0.0,3
3568,27,0,0.0,0.0,6
4257,108,1,0.0,0.0,6
1620,10,1,0.0,0.0,5
1511,14,0,0.0,0.0,7
4180,108,1,0.0,0.0,6
4315,14,0,0.0,0.0,5
3776,126,0,0.0,0.0,4
1628,70,2,0.0,0.0,4
390,50,0,0.0,0.0,1
2152,11,1,0.0,0.0,1
4019,90,3,0.0,0.0,5
1914,14,0,0.0,0.0,7
4066,27,0,0.0,0.0,6
2355,71,3,0.0,0.0,3
2339,30,0,0.0,0.0,5
1158,108,1,0.0,0.0,5
4034,108,1,0.0,0.0,4
2002,108,1,0.0,0.0,4
3222,108,1,0.0,0.0,6
190,63,3,0.0,0.0,6
3496,20,0,0.0,0.0,6
609,64,3,0.0,0.0,4
1436,10,1,0.0,0.0,1
2462,14,0,0.0,0.0,4
2080,87,3,0.0,0.0,1
1861,81,3,0.0,0.0,1
4344,130,0,0.0,0.0,5
1434,14,0,0.0,0.0,5
3980,10,1,0.0,0.0,3
2246,108,1,0.0,0.0,3
2429,108,1,0.0,0.0,7
4356,34,0,0.0,0.0,5
849,108,1,0.0,0.0,4
2729,14,0,0.0,0.0,7
4682,100,3,0.0,0.0,5
2449,20,0,0.0,0.0,6
540,20,0,0.0,0.0,4
3460,27,0,0.0,0.0,3
1311,64,3,0.0,0.0,5
709,100,3,0.0,0.0,6
614,53,0,0.0,0.0,5
3272,34,0,0.0,0.0,1
1275,14,0,0.0,0.0,6
1727,14,0,0.0,0.0,5
4175,70,2,0.0,0.0,4
2645,6,1,0.0,0.0,6
2518,20,0,0.0,0.0,7
4525,108,1,0.0,0.0,4
702,70,2,0.0,0.0,6
2872,108,1,0.0,0.0,5
3631,64,3,0.0,0.0,3
698,2,1,0.0,0.0,5
379,14,0,0.0,0.0,4
535,2,1,0.0,0.0,5
2016,70,2,0.0,0.0,5
324,27,0,0.0,0.0,3
272,70,2,0.0,0.0,6
2861,53,0,0.0,0.0,5
3473,63,3,0.0,0.0,6
3282,14,0,0.0,0.0,3
1147,53,0,0.0,0.0,6
2894,15,0,0.0,0.0,3
4139,53,0,0.0,0.0,4
3526,20,0,0.0,0.0,7
3247,71,3,0.0,0.0,6
4052,50,0,0.0,0.0,5
2333,99,3,0.0,0.0,5
2798,64,3,0.0,0.0,6
713,64,3,0.0,0.0,5
3788,14,0,0.0,0.0,1
1133,104,3,0.0,0.0,6
1936,14,0,0.0,0.0,3
599,70,2,0.0,0.0,3
175,70,2,0.0,0.0,3
393,64,3,0.0,0.0,5
3870,10,1,0.0,0.0,6
22,27,0,0.0,0.0,4
3904,34,0,0.0,0.0,6
885,50,0,0.0,0.0,5
3267,5,1,0.0,0.0,4
4285,71,3,0.0,0.0,4
1337,14,0,0.0,0.0,5
3117,108,1,0.0,0.0,4
3743,27,0,0.0,0.0,3
451,64,3,0.0,0.0,3
1567,10,1,0.0,0.0,5
3678,107,3,0.0,0.0,5
852,14,0,0.0,0.0,6
2986,20,0,0.0,0.0,6
439,50,0,0.0,0.0,4
320,108,1,0.0,0.0,6
2242,64,3,0.0,0.0,6
516,64,3,0.0,0.0,6
1242,71,3,0.0,0.0,6
125,64,3,0.0,0.0,5
992,104,3,0.0,0.0,3
1044,108,1,0.0,0.0,6
655,64,3,0.0,0.0,4
2497,71,3,0.0,0.0,6
1825,7,1,0.0,0.0,6
517,64,3,0.0,0.0,5
571,71,3,0.0,0.0,5
1018,108,1,0.0,0.0,5
1114,100,3,0.0,0.0,1
1918,27,0,0.0,0.0,3
4435,71,3,0.0,0.0,6
3536,14,0,0.0,0.0,4
4079,70,2,0.0,0.0,3
847,50,0,0.0,0.0,3
2049,108,1,0.0,0.0,6
857,70,2,0.0,0.0,3
1250,108,1,0.0,0.0,5
1277,104,3,0.0,0.0,7
4047,71,3,0.0,0.0,3
1817,108,1,0.0,0.0,1
2864,14,0,0.0,0.0,6
2707,58,0,0.0,0.0,4
1590,71,3,0.0,0.0,5
269,69,3,0.0,0.0,5
2514,53,0,0.0,0.0,4
3290,7,1,0.0,0.0,5
1512,64,3,0.0,0.0,5
3889,14,0,0.0,0.0,3
3787,64,3,0.0,0.0,5
452,10,1,0.0,0.0,5
3289,0,1,0.0,0.0,5
4127,108,1,0.0,0.0,5
4204,64,3,0.0,0.0,6
3718,20,0,0.0,0.0,4
872,25,0,0.0,0.0,4
157,64,3,0.0,0.0,5
3280,6,1,0.0,0.0,6
2704,53,0,0.0,0.0,4
3932,70,2,0.0,0.0,6
61,64,3,0.0,0.0,1
4385,71,3,0.0,0.0,6
4388,14,0,0.0,0.0,5
1698,64,3,0.0,0.0,3
1559,100,3,0.0,0.0,6
16,64,3,0.0,0.0,6
628,2,1,0.0,0.0,6
3942,69,3,0.0,0.0,3
2367,3,1,0.0,0.0,3
3360,50,0,0.0,0.0,5
1772,64,3,0.0,0.0,5
3967,53,0,0.0,0.0,6
3665,108,1,0.0,0.0,1
2354,70,2,0.0,0.0,4
4017,3,1,0.0,0.0,6
545,20,0,0.0,0.0,6
2227,53,0,0.0,0.0,6
2508,94,3,0.0,0.0,1
682,108,1,0.0,0.0,1
2538,10,1,0.0,0.0,4
3248,70,2,0.0,0.0,7
4432,79,3,0.0,0.0,6
245,7,1,0.0,0.0,7
1146,14,0,0.0,0.0,5
2472,10,1,0.0,0.0,6
2237,5,1,0.0,0.0,7
916,108,1,0.0,0.0,5
2696,64,3,0.0,0.0,1
3441,132,0,0.0,0.0,3
2050,64,3,0.0,0.0,5
2600,70,2,0.0,0.0,4
2117,108,1,0.0,0.0,4
1857,27,0,0.0,0.0,3
3180,23,0,0.0,0.0,4
423,70,2,0.0,0.0,4
173,12,1,0.0,0.0,6
1420,14,0,0.0,0.0,3
2140,53,0,0.0,0.0,5
1241,107,3,0.0,0.0,5
1522,108,1,0.0,0.0,6
4654,76,3,0.0,0.0,6
818,70,2,0.0,0.0,3
3674,14,0,0.0,0.0,5
2159,27,0,0.0,0.0,4
3573,115,0,0.0,0.0,4
600,14,0,0.0,0.0,3
2444,64,3,0.0,0.0,3
2768,14,0,0.0,0.0,6
1056,27,0,0.0,0.0,3
876,29,0,0.0,0.0,3
3525,50,0,0.0,0.0,7
2955,53,0,0.0,0.0,3
1773,6,1,0.0,0.0,6
670,53,0,0.0,0.0,5
3518,100,3,0.0,0.0,6
1334,42,0,0.0,0.0,5
825,1,1,0.0,0.0,3
3039,14,0,0.0,0.0,4
2266,104,3,0.0,0.0,6
4410,64,3,0.0,0.0,6
2434,22,0,0.0,0.0,6
3182,30,0,0.0,0.0,3
444,71,3,0.0,0.0,4
840,14,0,0.0,0.0,6
332,108,1,0.0,0.0,3
218,108,1,0.0,0.0,6
335,4,1,0.0,0.0,6
717,100,3,0.0,0.0,3
3028,100,3,0.0,0.0,7
2840,108,1,0.0,0.0,6
3974,50,0,0.0,0.0,4
1604,14,0,0.0,0.0,6
1433,70,2,0.0,0.0,6
2363,70,2,0.0,0.0,4
1832,2,1,0.0,0.0,6
3891,14,0,0.0,0.0,1
1073,30,0,0.0,0.0,3
3330,50,0,0.0,0.0,1
2852,71,3,0.0,0.0,4
4045,108,1,0.0,0.0,3
3856,27,0,0.0,0.0,7
4454,50,0,0.0,0.0,6
1868,71,3,0.0,0.0,6
1435,23,0,0.0,0.0,5
1853,97,3,0.0,0.0,1
4329,70,2,0.0,0.0,6
187,14,0,0.0,0.0,6
384,108,1,0.0,0.0,6
180,108,1,0.0,0.0,6
3243,20,0,0.0,0.0,6
933,27,0,0.0,0.0,7
3150,70,2,0.0,0.0,5
1846,14,0,0.0,0.0,3
4022,91,3,0.0,0.0,6
2350,130,0,0.0,0.0,4
1690,50,0,0.0,0.0,1
398,14,0,0.0,0.0,3
729,14,0,0.0,0.0,4
4608,14,0,0.0,0.0,3
1161,64,3,0.0,0.0,3
3567,14,0,0.0,0.0,5
2830,14,0,0.0,0.0,1
3287,64,3,0.0,0.0,3
3161,25,0,0.0,0.0,1
509,27,0,0.0,0.0,5
3892,39,0,0.0,0.0,4
657,70,2,0.0,0.0,3
367,23,0,0.0,0.0,5
2291,108,1,0.0,0.0,7
1166,34,0,0.0,0.0,3
2390,0,1,0.0,0.0,3
2997,64,3,0.0,0.0,4
4151,2,1,0.0,0.0,6
1563,64,3,0.0,0.0,6
1144,70,2,0.0,0.0,3
3977,14,0,0.0,0.0,5
1807,34,0,0.0,0.0,6
1684,108,1,0.0,0.0,5
3794,53,0,0.0,0.0,6
1059,108,1,0.0,0.0,6
2551,64,3,0.0,0.0,3
2595,71,3,0.0,0.0,6
1180,90,3,0.0,0.0,3
690,71,3,0.0,0.0,6
2957,100,3,0.0,0.0,3
824,70,2,0.0,0.0,5
891,111,0,0.0,0.0,4
4597,64,3,0.0,0.0,1
1748,34,0,0.0,0.0,6
1637,7,1,0.0,0.0,3
2760,2,1,0.0,0.0,3
4346,108,1,0.0,0.0,6
1915,64,3,0.0,0.0,4
1797,64,3,0.0,0.0,3
3297,14,0,0.0,0.0,6
4660,0,1,0.0,0.0,1
2438,10,1,0.0,0.0,4
3295,64,3,0.0,0.0,5
803,108,1,0.0,0.0,5
2564,2,1,0.0,0.0,4
1963,107,3,0.0,0.0,1
3207,108,1,0.0,0.0,6
774,100,3,0.0,0.0,7
4067,27,0,0.0,0.0,4
695,64,3,0.0,0.0,6
2319,70,2,0.0,0.0,3
4054,70,2,0.0,0.0,5
172,64,3,0.0,0.0,3
501,50,0,0.0,0.0,6
2013,14,0,0.0,0.0,3
3013,29,0,0.0,0.0,6
3726,64,3,0.0,0.0,4
1907,70,2,0.0,0.0,5
2121,71,3,0.0,0.0,3
1611,64,3,0.0,0.0,1
1079,14,0,0.0,0.0,6
2806,63,3,0.0,0.0,6
643,35,0,0.0,0.0,1
2689,7,1,0.0,0.0,3
2341,64,3,0.0,0.0,3
3131,14,0,0.0,0.0,6
793,53,0,0.0,0.0,7
86,14,0,0.0,0.0,1
437,64,3,0.0,0.0,3
53,13,1,0.0,0.0,5
3960,10,1,0.0,0.0,6
975,14,0,0.0,0.0,3
2475,0,1,0.0,0.0,3
3731,71,3,0.0,0.0,5
1239,0,1,0.0,0.0,5
962,23,0,0.0,0.0,4
1491,16,0,0.0,0.0,5
3469,12,1,0.0,0.0,4
3545,64,3,0.0,0.0,3
2262,71,3,0.0,0.0,6
156,64,3,0.0,0.0,5
2459,70,2,0.0,0.0,5
3769,107,3,0.0,0.0,1
3849,108,1,0.0,0.0,3
1555,67,3,0.0,0.0,4
3852,108,1,0.0,0.0,5
689,108,1,0.0,0.0,1
445,10,1,0.0,0.0,6
2573,108,1,0.0,0.0,7
2411,70,2,0.0,0.0,5
3157,14,0,0.0,0.0,3
2574,53,0,0.0,0.0,6
3024,70,2,0.0,0.0,4
1453,14,0,0.0,0.0,7
3483,108,1,0.0,0.0,6
2393,14,0,0.0,0.0,6
3954,70,2,0.0,0.0,6
4584,14,0,0.0,0.0,6
3734,108,1,0.0,0.0,5
4170,108,1,0.0,0.0,6
2114,69,3,0.0,0.0,1
2465,14,0,0.0,0.0,5
3600,64,3,0.0,0.0,6
925,90,3,0.0,0.0,6
1897,76,3,0.0,0.0,5
4133,50,0,0.0,0.0,3
4552,14,0,0.0,0.0,6
2532,108,1,0.0,0.0,5
3569,71,3,0.0,0.0,6
3324,34,0,0.0,0.0,4
3962,71,3,0.0,0.0,5
1829,100,3,0.0,0.0,3
2474,3,1,0.0,0.0,7
3574,100,3,0.0,0.0,6
4237,71,3,0.0,0.0,7
3292,70,2,0.0,0.0,4
1164,71,3,0.0,0.0,4
1878,108,1,0.0,0.0,5
337,108,1,0.0,0.0,5
4243,70,2,0.0,0.0,5
1502,94,3,0.0,0.0,3
2980,50,0,0.0,0.0,6
3142,27,0,0.0,0.0,6
951,50,0,0.0,0.0,4
2468,14,0,0.0,0.0,4
1247,23,0,0.0,0.0,6
2056,34,0,0.0,0.0,3
2536,53,0,0.0,0.0,6
2306,61,0,0.0,0.0,1
2966,128,0,0.0,0.0,6
435,84,3,0.0,0.0,1
2903,108,1,0.0,0.0,5
2058,101,3,0.0,0.0,4
4201,131,0,0.0,0.0,1
181,108,1,0.0,0.0,1
515,119,0,0.0,0.0,3
2596,100,3,0.0,0.0,6
1077,26,0,0.0,0.0,6
2810,10,1,0.0,0.0,5
2389,35,0,0.0,0.0,1
2323,70,2,0.0,0.0,6
66,14,0,0.0,0.0,4
701,71,3,0.0,0.0,3
978,15,0,0.0,0.0,4
2017,64,3,0.0,0.0,4
405,70,2,0.0,0.0,7
1859,71,3,0.0,0.0,6
2087,70,2,0.0,0.0,6
2020,71,3,0.0,0.0,6
3071,14,0,0.0,0.0,5
972,23,0,0.0,0.0,1
1169,108,1,0.0,0.0,6
612,14,0,0.0,0.0,6
1055,27,0,0.0,0.0,7
4506,23,0,0.0,0.0,3
1894,14,0,0.0,0.0,7
2314,86,3,0.0,0.0,6
2224,104,3,0.0,0.0,3
3579,100,3,0.0,0.0,5
3741,71,3,0.0,0.0,1
855,108,1,0.0,0.0,5
482,3,1,0.0,0.0,7
13,53,0,0.0,0.0,6
1184,11,1,0.0,0.0,3
2454,70,2,0.0,0.0,1
3530,10,1,0.0,0.0,1
2432,64,3,0.0,0.0,4
98,0,1,0.0,0.0,1
2725,7,1,0.0,0.0,3
2385,64,3,0.0,0.0,3
133,14,0,0.0,0.0,6
3689,27,0,0.0,0.0,5
3823,70,2,0.0,0.0,1
1901,64,3,0.0,0.0,5
3333,2,1,0.0,0.0,6
1921,14,0,0.0,0.0,3
4147,14,0,0.0,0.0,4
2452,14,0,0.0,0.0,5
3283,0,1,0.0,0.0,3
1151,108,1,0.0,0.0,6
1284,14,0,0.0,0.0,4
928,71,3,0.0,0.0,6
2603,1,1,0.0,0.0,3
3422,0,1,0.0,0.0,7
2455,0,1,0.0,0.0,4
2075,23,0,0.0,0.0,4
521,100,3,0.0,0.0,3
4550,108,1,0.0,0.0,6
3288,70,2,0.0,0.0,3
2599,69,3,0.0,0.0,4
4405,108,1,0.0,0.0,5
4002,64,3,0.0,0.0,4
1040,108,1,0.0,0.0,5
2364,70,2,0.0,0.0,6
2453,50,0,0.0,0.0,3
3935,64,3,0.0,0.0,1
330,108,1,0.0,0.0,6
2688,108,1,0.0,0.0,1
2331,108,1,0.0,0.0,4
1554,70,2,0.0,0.0,6
879,50,0,0.0,0.0,6
3298,71,3,0.0,0.0,6
2042,14,0,0.0,0.0,1
3467,64,3,0.0,0.0,6
3797,50,0,0.0,0.0,3
1509,70,2,0.0,0.0,3
3140,113,0,0.0,0.0,6
3192,50,0,0.0,0.0,4
895,64,3,0.0,0.0,5
2044,70,2,0.0,0.0,4
2421,70,2,0.0,0.0,5
3771,108,1,0.0,0.0,6
2583,20,0,0.0,0.0,3
1047,71,3,0.0,0.0,6
2978,64,3,0.0,0.0,3
2310,108,1,0.0,0.0,5
2464,14,0,0.0,0.0,5
3377,0,1,0.0,0.0,6
2335,64,3,0.0,0.0,3
4297,108,1,0.0,0.0,7
3966,14,0,0.0,0.0,6
2579,100,3,0.0,0.0,6
2430,100,3,0.0,0.0,1
415,14,0,0.0,0.0,4
768,25,0,0.0,0.0,1
2282,50,0,0.0,0.0,3
4367,53,0,0.0,0.0,7
1840,14,0,0.0,0.0,6
4029,39,0,0.0,0.0,3
2214,108,1,0.0,0.0,4
3716,108,1,0.0,0.0,3
4373,14,0,0.0,0.0,5
932,64,3,0.0,0.0,5
1904,23,0,0.0,0.0,1
4418,108,1,0.0,0.0,5
1518,100,3,0.0,0.0,4
3838,89,3,0.0,0.0,7
174,77,3,0.0,0.0,3
4609,70,2,0.0,0.0,4
3343,14,0,0.0,0.0,3
1655,1,1,0.0,0.0,4
3732,108,1,0.0,0.0,6
3387,64,3,0.0,0.0,6
3672,108,1,0.0,0.0,5
991,70,2,0.0,0.0,1
3998,64,3,0.0,0.0,5
4375,6,1,0.0,0.0,4
826,108,1,0.0,0.0,4
214,108,1,0.0,0.0,4
785,14,0,0.0,0.0,6
1824,14,0,0.0,0.0,3
2244,10,1,0.0,0.0,7
2312,27,0,0.0,0.0,5
1996,70,2,0.0,0.0,3
2659,121,0,0.0,0.0,7
3155,108,1,0.0,0.0,5
166,14,0,0.0,0.0,6
2030,64,3,0.0,0.0,5
864,14,0,0.0,0.0,5
931,14,0,0.0,0.0,4
3137,50,0,0.0,0.0,5
2406,70,2,0.0,0.0,7
1667,64,3,0.0,0.0,7
255,34,0,0.0,0.0,6
3855,34,0,0.0,0.0,5
177,0,1,0.0,0.0,3
756,14,0,0.0,0.0,6
1675,71,3,0.0,0.0,6
1550,108,1,0.0,0.0,6
3750,70,2,0.0,0.0,6
2836,108,1,0.0,0.0,3
2243,70,2,0.0,0.0,7
1535,53,0,0.0,0.0,5
2177,70,2,0.0,0.0,4
883,108,1,0.0,0.0,7
2585,71,3,0.0,0.0,4
4063,70,2,0.0,0.0,1
2004,50,0,0.0,0.0,3
2326,71,3,0.0,0.0,3
4551,14,0,0.0,0.0,1
1833,70,2,0.0,0.0,3
4235,64,3,0.0,0.0,6
2890,104,3,0.0,0.0,7
1661,14,0,0.0,0.0,1
2463,64,3,0.0,0.0,6
896,20,0,0.0,0.0,3
59,14,0,0.0,0.0,6
1113,64,3,0.0,0.0,4
842,108,1,0.0,0.0,6
2559,64,3,0.0,0.0,4
1032,108,1,0.0,0.0,5
18,14,0,0.0,0.0,6
553,132,0,0.0,0.0,6
889,14,0,0.0,0.0,3
3174,71,3,0.0,0.0,5
3529,20,0,0.0,0.0,6
877,70,2,0.0,0.0,4
3285,14,0,0.0,0.0,6
4055,10,1,0.0,0.0,4
82,112,0,0.0,0.0,3
407,14,0,0.0,0.0,3
260,20,0,0.0,0.0,3
4430,15,0,0.0,0.0,6
3426,14,0,0.0,0.0,1
2906,70,2,0.0,0.0,4
151,70,2,0.0,0.0,5
3997,100,3,0.0,0.0,1
3208,64,3,0.0,0.0,6
1902,64,3,0.0,0.0,7
863,14,0,0.0,0.0,3
1297,14,0,0.0,0.0,6
2255,83,3,0.0,0.0,6
2467,101,3,0.0,0.0,6
3642,27,0,0.0,0.0,3
784,108,1,0.0,0.0,3
4062,70,2,0.0,0.0,6
85,70,2,0.0,0.0,5
3424,14,0,0.0,0.0,3
2106,14,0,0.0,0.0,1
3146,64,3,0.0,0.0,4
189,64,3,0.0,0.0,6
2008,53,0,0.0,0.0,4
551,104,3,0.0,0.0,7
338,14,0,0.0,0.0,6
2397,30,0,0.0,0.0,5
666,108,1,0.0,0.0,6
4240,14,0,0.0,0.0,6
3713,14,0,0.0,0.0,6
476,71,3,0.0,0.0,6
277,14,0,0.0,0.0,3
1472,7,1,0.0,0.0,4
1750,14,0,0.0,0.0,6
3968,53,0,0.0,0.0,1
3066,1,1,0.0,0.0,6
2909,70,2,0.0,0.0,3
2223,70,2,0.0,0.0,4
3644,71,3,0.0,0.0,6
1836,14,0,0.0,0.0,1
286,14,0,0.0,0.0,5
4704,23,0,0.0,0.0,3
2458,3,1,0.0,0.0,5
2561,14,0,0.0,0.0,6
4131,108,1,0.0,0.0,6
2318,10,1,0.0,0.0,1
3340,107,3,0.0,0.0,6
893,4,1,0.0,0.0,5
455,70,2,0.0,0.0,3
4041,64,3,0.0,0.0,4
2400,14,0,0.0,0.0,4
1030,108,1,0.0,0.0,1
2405,104,3,0.0,0.0,5
3122,0,1,0.0,0.0,1
3645,71,3,0.0,0.0,5
1465,71,3,0.0,0.0,3
2130,13,1,0.0,0.0,7
930,108,1,0.0,0.0,3
3948,70,2,0.0,0.0,3
798,23,0,0.0,0.0,6
408,98,3,0.0,0.0,5
2120,64,3,0.0,0.0,6
3513,53,0,0.0,0.0,3
2445,108,1,0.0,0.0,3
4382,64,3,0.0,0.0,4
3302,1,1,0.0,0.0,6
3982,38,0,0.0,0.0,3
3223,70,2,0.0,0.0,1
1530,104,3,0.0,0.0,5
2386,108,1,0.0,0.0,4
3074,108,1,0.0,0.0,6
950,23,0,0.0,0.0,1
919,64,3,0.0,0.0,5
680,14,0,0.0,0.0,4
3421,34,0,0.0,0.0,6
2402,64,3,0.0,0.0,6
3578,70,2,0.0,0.0,1
4389,14,0,0.0,0.0,5
32,71,3,0.0,0.0,5
4458,27,0,0.0,0.0,3
3908,14,0,0.0,0.0,5
2700,108,1,0.0,0.0,4
3612,108,1,0.0,0.0,5
1623,71,3,0.0,0.0,5
3241,70,2,0.0,0.0,1
2138,108,1,0.0,0.0,5
3136,0,1,0.0,0.0,6
287,71,3,0.0,0.0,5
1041,2,1,0.0,0.0,7
2416,63,3,0.0,0.0,3
639,108,1,0.0,0.0,1
4328,7,1,0.0,0.0,1
4051,23,0,0.0,0.0,6
792,14,0,0.0,0.0,4
679,27,0,0.0,0.0,1
4327,8,1,0.0,0.0,3
3791,64,3,0.0,0.0,6
3656,108,1,0.0,0.0,5
4422,14,0,0.0,0.0,6
2380,64,3,0.0,0.0,5
4392,108,1,0.0,0.0,3
1886,27,0,0.0,0.0,7
2137,4,1,0.0,0.0,3
1897,71,3,0.0,0.0,6
1033,10,1,0.0,0.0,6
4424,64,3,0.0,0.0,4
2473,71,3,0.0,0.0,7
3021,70,2,0.0,0.0,6
3955,108,1,0.0,0.0,4
2968,14,0,0.0,0.0,1
2431,27,0,0.0,0.0,7
3425,80,3,0.0,0.0,6
2107,53,0,0.0,0.0,3
1552,14,0,0.0,0.0,3
867,108,1,0.0,0.0,5
4069,108,1,0.0,0.0,6
4391,14,0,0.0,0.0,6
1671,100,3,0.0,0.0,5
4556,108,1,0.0,0.0,4
2510,50,0,0.0,0.0,6
3437,108,1,0.0,0.0,3
63,64,3,0.0,0.0,3
813,14,0,0.0,0.0,1
4093,70,2,0.0,0.0,5
2562,97,3,0.0,0.0,7
3995,14,0,0.0,0.0,4
1640,14,0,0.0,0.0,6
2023,104,3,0.0,0.0,7
4208,14,0,0.0,0.0,4
4136,14,0,0.0,0.0,1
1493,34,0,0.0,0.0,6
2158,28,0,0.0,0.0,4
3845,14,0,0.0,0.0,7
3119,27,0,0.0,0.0,3
3420,108,1,0.0,0.0,6
3156,34,0,0.0,0.0,6
3286,108,1,0.0,0.0,3
1576,14,0,0.0,0.0,4
2085,1,1,0.0,0.0,6
3339,71,3,0.0,0.0,3
1100,70,2,0.0,0.0,6
266,104,3,0.0,0.0,1
910,0,1,0.0,0.0,6
21,108,1,0.0,0.0,6
2428,31,0,0.0,0.0,5
3508,64,3,0.0,0.0,6
4417,64,3,0.0,0.0,6
2104,70,2,0.0,0.0,1
819,53,0,0.0,0.0,7
3659,14,0,0.0,0.0,7
2847,14,0,0.0,0.0,3
85,42,0,0.0,0.0,1
622,2,1,0.0,0.0,4
3023,20,0,0.0,0.0,5
4229,14,0,0.0,0.0,3
73,108,1,0.0,0.0,6
1068,91,3,0.0,0.0,6
1037,64,3,0.0,0.0,6
3999,100,3,0.0,0.0,3
3546,53,0,0.0,0.0,1
2063,71,3,0.0,0.0,6
4129,50,0,0.0,0.0,5
3257,64,3,0.0,0.0,4
331,14,0,0.0,0.0,7
1905,63,3,0.0,0.0,1
810,14,0,0.0,0.0,5
4244,64,3,0.0,0.0,6
334,10,1,0.0,0.0,6
1023,27,0,0.0,0.0,7
1038,71,3,0.0,0.0,6
1791,108,1,0.0,0.0,6
642,16,0,0.0,0.0,3
1075,64,3,0.0,0.0,5
2024,70,2,0.0,0.0,4
3515,108,1,0.0,0.0,7
2828,71,3,0.0,0.0,4
898,14,0,0.0,0.0,7
2747,53,0,0.0,0.0,5
4096,108,1,0.0,0.0,7
4572,70,2,0.0,0.0,1
4145,14,0,0.0,0.0,3
3867,64,3,0.0,0.0,5
2174,0,1,0.0,0.0,7
1020,50,0,0.0,0.0,4
2129,14,0,0.0,0.0,6
1045,3,1,0.0,0.0,3
922,71,3,0.0,0.0,5
1865,53,0,0.0,0.0,4
3264,19,0,0.0,0.0,3
4120,15,0,0.0,0.0,5
4414,14,0,0.0,0.0,3
1046,11,1,0.0,0.0,1
4173,14,0,0.0,0.0,3
3537,27,0,0.0,0.0,4
1204,14,0,0.0,0.0,7
2294,114,0,0.0,0.0,3
1596,59,0,0.0,0.0,4
1034,73,3,0.0,0.0,4
271,108,1,0.0,0.0,5
2053,70,2,0.0,0.0,5
1754,71,3,0.0,0.0,7
1468,3,1,0.0,0.0,6
2712,70,2,0.0,0.0,3
1091,64,3,0.0,0.0,4
1470,70,2,0.0,0.0,4
3170,14,0,0.0,0.0,6
3245,70,2,0.0,0.0,5
4032,86,3,0.0,0.0,3
1022,14,0,0.0,0.0,3
265,71,3,0.0,0.0,4
2804,53,0,0.0,0.0,1
2412,108,1,0.0,0.0,6
2094,108,1,0.0,0.0,6
712,14,0,0.0,0.0,6
2620,71,3,0.0,0.0,6
2527,64,3,0.0,0.0,5
3509,70,2,0.0,0.0,6
1467,108,1,0.0,0.0,7
2161,70,2,0.0,0.0,1
2290,70,2,0.0,0.0,6
2904,20,0,0.0,0.0,5
236,63,3,0.0,0.0,1
3978,53,0,0.0,0.0,5
3169,14,0,0.0,0.0,6
3216,14,0,0.0,0.0,3
1238,70,2,0.0,0.0,6
1934,14,0,0.0,0.0,7
1040,50,0,0.0,0.0,7
4711,0,1,0.0,0.0,6
2442,64,3,0.0,0.0,3
1092,133,4,0.0,0.0,5
1952,64,3,0.0,0.0,6
4567,34,0,0.0,0.0,5
2870,53,0,0.0,0.0,1
1251,70,2,0.0,0.0,7
4197,70,2,0.0,0.0,3
3905,71,3,0.0,0.0,6
2322,23,0,0.0,0.0,5
1545,108,1,0.0,0.0,6
920,14,0,0.0,0.0,1
3261,34,0,0.0,0.0,3
3025,71,3,0.0,0.0,4
378,70,2,0.0,0.0,4
957,100,3,0.0,0.0,6
339,64,3,0.0,0.0,3
2420,70,2,0.0,0.0,6
3346,108,1,0.0,0.0,4
2277,20,0,0.0,0.0,4
1558,70,2,0.0,0.0,7
3442,23,0,0.0,0.0,5
2834,108,1,0.0,0.0,5
3952,14,0,0.0,0.0,4
183,70,2,0.0,0.0,7
446,14,0,0.0,0.0,5
2413,14,0,0.0,0.0,6
958,64,3,0.0,0.0,7
924,70,2,0.0,0.0,6
1464,14,0,0.0,0.0,6
3262,11,1,0.0,0.0,4
1560,14,0,0.0,0.0,6
7,25,0,0.0,0.0,1
1070,1,1,0.0,0.0,1
169,70,2,0.0,0.0,3
1448,108,1,0.0,0.0,6
2643,10,1,0.0,0.0,7
2403,71,3,0.0,0.0,6
809,14,0,0.0,0.0,3
3238,14,0,0.0,0.0,1
3211,125,0,0.0,0.0,3
2060,14,0,0.0,0.0,5
2028,64,3,0.0,0.0,3
629,14,0,0.0,0.0,6
616,23,0,0.0,0.0,6
2605,71,3,0.0,0.0,6
3727,70,2,0.0,0.0,5
328,108,1,0.0,0.0,3
2376,34,0,0.0,0.0,1
1838,64,3,0.0,0.0,3
3154,64,3,0.0,0.0,6
1185,108,1,0.0,0.0,7
2895,70,2,0.0,0.0,6
3893,70,2,0.0,0.0,5
2789,108,1,0.0,0.0,7
21,14,0,0.0,0.0,6
3246,71,3,0.0,0.0,6
430,23,0,0.0,0.0,1
4401,64,3,0.0,0.0,6
2422,71,3,0.0,0.0,1
4228,70,2,0.0,0.0,5
3953,50,0,0.0,0.0,7
3563,14,0,0.0,0.0,6
4058,15,0,0.0,0.0,4
2183,108,1,0.0,0.0,1
95,14,0,0.0,0.0,5
2379,108,1,0.0,0.0,5
3519,108,1,0.0,0.0,1
703,108,1,0.0,0.0,5
4196,70,2,0.0,0.0,4
1841,64,3,0.0,0.0,1
394,50,0,0.0,0.0,6
2693,105,3,0.0,0.0,6
2072,106,3,0.0,0.0,4
3291,27,0,0.0,0.0,6
3301,108,1,0.0,0.0,5
1889,7,1,0.0,0.0,5
2920,108,1,0.0,0.0,6
238,108,1,0.0,0.0,6
2110,14,0,0.0,0.0,1
4132,10,1,0.0,0.0,4
3114,108,1,0.0,0.0,3
2045,14,0,0.0,0.0,6
4316,82,3,0.0,0.0,7
4021,108,1,0.0,0.0,7
4143,107,3,0.0,0.0,5
1072,70,2,0.0,0.0,4
3095,108,1,0.0,0.0,5
1028,108,1,0.0,0.0,4
2132,70,2,0.0,0.0,3
3014,14,0,0.0,0.0,6
54,64,3,0.0,0.0,6
131,14,0,0.0,0.0,6
222,91,3,0.0,0.0,6
270,108,1,0.0,0.0,3
802,20,0,0.0,0.0,6
1669,108,1,0.0,0.0,6
2160,108,1,0.0,0.0,6
1245,114,0,0.0,0.0,4
2408,63,3,0.0,0.0,3
2321,20,0,0.0,0.0,6
2186,64,3,0.0,0.0,1
2865,34,0,0.0,0.0,3
3936,16,0,0.0,0.0,6
416,70,2,0.0,0.0,5
4455,51,0,0.0,0.0,5
3580,64,3,0.0,0.0,6
2384,34,0,0.0,0.0,7
3861,70,2,0.0,0.0,4
2907,108,1,0.0,0.0,3
3030,71,3,0.0,0.0,7
3244,27,0,0.0,0.0,6
3724,88,3,0.0,0.0,6
797,14,0,0.0,0.0,1
2799,71,3,0.0,0.0,7
4086,70,2,0.0,0.0,5
4128,70,2,0.0,0.0,4
2419,64,3,0.0,0.0,3
68,69,3,0.0,0.0,1
3152,71,3,0.0,0.0,6
2298,108,1,0.0,0.0,6
1407,70,2,0.0,0.0,3
3748,14,0,0.0,0.0,6
1430,70,2,0.0,0.0,1
3428,14,0,0.0,0.0,4
2407,23,0,0.0,0.0,7
1466,108,1,0.0,0.0,6
2975,108,1,0.0,0.0,7
3133,70,2,0.0,0.0,5
2381,34,0,0.0,0.0,4
3165,64,3,0.0,0.0,6
412,70,2,0.0,0.0,3
1495,23,0,0.0,0.0,4
2315,70,2,0.0,0.0,7
3728,14,0,0.0,0.0,4
3863,14,0,0.0,0.0,6
3448,64,3,0.0,0.0,6
4179,107,3,0.0,0.0,5
2553,70,2,0.0,0.0,5
524,64,3,0.0,0.0,4
2307,70,2,0.0,0.0,3
3547,14,0,0.0,0.0,6
575,14,0,0.0,0.0,6
2863,14,0,0.0,0.0,3
4125,14,0,0.0,0.0,7
1090,14,0,0.0,0.0,7
2284,107,3,0.0,0.0,7
3249,20,0,0.0,0.0,7
2144,108,1,0.0,0.0,3
3240,70,2,0.0,0.0,6
1042,27,0,0.0,0.0,7
3894,20,0,0.0,0.0,5
4406,64,3,0.0,0.0,1
2910,27,0,0.0,0.0,3
3581,108,1,0.0,0.0,7
69,108,1,0.0,0.0,3
70,70,2,0.0,0.0,3
2651,71,3,0.0,0.0,1
2388,70,2,0.0,0.0,3
3830,1,1,0.0,0.0,6
3242,70,2,0.0,0.0,5
4126,70,2,0.0,0.0,5
1542,71,3,0.0,0.0,7
4402,70,2,0.0,0.0,1
3284,108,1,0.0,0.0,5
488,108,1,0.0,0.0,3
3009,14,0,0.0,0.0,7
2086,123,0,0.0,0.0,1
3128,14,0,0.0,0.0,7
1089,70,2,0.0,0.0,6
4124,70,2,0.0,0.0,1
340,59,0,0.0,0.0,1
3865,14,0,0.0,0.0,5
4462,14,0,0.0,0.0,6
1778,108,1,0.0,0.0,6
55,70,2,0.0,0.0,5
370,27,0,0.0,0.0,6
3164,108,1,0.0,0.0,6
4570,71,3,0.0,0.0,7
1099,14,0,0.0,0.0,5
1548,70,2,0.0,0.0,5
807,108,1,0.0,0.0,7
2404,14,0,0.0,0.0,6
273,70,2,0.0,0.0,1
402,70,2,0.0,0.0,7
678,71,3,0.0,0.0,7
1071,71,3,0.0,0.0,7
3755,14,0,0.0,0.0,7
3551,71,3,0.0,0.0,7
921,78,3,0.0,0.0,5
